{
  "brier": 0.049191153375505815,
  "n_test": 22500,
  "pr_auc": 0.38179368469634084,
  "roc_auc": 0.8608207224375058,
  "seed": 42
}